<?xml version="1.0" encoding="UTF-8"?>
<project-private xmlns="http://www.netbeans.org/ns/project-private/1">
    <editor-bookmarks xmlns="http://www.netbeans.org/ns/editor-bookmarks/2" lastBookmarkId="0"/>
    <open-files xmlns="http://www.netbeans.org/ns/projectui-open-files/2">
        <group>
            <file>file:/C:/Users/Lab-DIS/Documents/NetBeansProjects/ReservaFan_Client/src/java/WS_ConversorRate/FCC_ConversorRate.java</file>
            <file>file:/C:/Users/Lab-DIS/Documents/NetBeansProjects/ReservaFan_Client/src/java/Booking/BookingPrint.java</file>
            <file>file:/C:/Users/Lab-DIS/Documents/NetBeansProjects/ReservaFan_Client/web/printBill.js</file>
            <file>file:/C:/Users/Lab-DIS/Documents/NetBeansProjects/ReservaFan_Client/web/formChecker.js</file>
            <file>file:/C:/Users/Lab-DIS/Documents/NetBeansProjects/ReservaFan_Client/web/printMode.css</file>
            <file>file:/C:/Users/Lab-DIS/Documents/NetBeansProjects/ReservaFan_Client/src/java/Booking/BookingCreate.java</file>
        </group>
    </open-files>
</project-private>
