<?xml version="1.0" encoding="UTF-8" standalone="no"?>
<catalog xmlns="urn:oasis:names:tc:entity:xmlns:xml:catalog" prefer="system">
    <system systemId="http://www.openligadb.de/Webservices/Sportsdata.asmx?WSDL" uri="wsdl/www.openligadb.de/Webservices/Sportsdata.asmx.wsdl"/>
    <system systemId="http://ws.docencia.ces.siani.es/a16/SOAP_Conversor/WS_Conversor?WSDL" uri="wsdl/ws.docencia.ces.siani.es/a16/SOAP_Conversor/WS_Conversor.wsdl"/>
    <system systemId="http://ws.docencia.ces.siani.es/a16/SOAP_Conversor/WS_Conversor?xsd=1" uri="wsdl/ws.docencia.ces.siani.es/a16/SOAP_Conversor/WS_Conversor.xsd_1.xsd"/>
    <system systemId="http://ws.docencia.ces.siani.es/a16/SOAP_Impuestos/WS_PriceCalculator?WSDL" uri="wsdl/ws.docencia.ces.siani.es/a16/SOAP_Impuestos/WS_PriceCalculator.wsdl"/>
    <system systemId="http://ws.docencia.ces.siani.es/a16/SOAP_Impuestos/WS_PriceCalculator?xsd=1" uri="wsdl/ws.docencia.ces.siani.es/a16/SOAP_Impuestos/WS_PriceCalculator.xsd_1.xsd"/>
    <system systemId="http://ws.docencia.ces.siani.es/a16/SOAP_TokenGenerator/WS_Hash?WSDL" uri="wsdl/ws.docencia.ces.siani.es/a16/SOAP_TokenGenerator/WS_Hash.wsdl"/>
    <system systemId="http://ws.docencia.ces.siani.es/a16/SOAP_TokenGenerator/WS_Hash?xsd=1" uri="wsdl/ws.docencia.ces.siani.es/a16/SOAP_TokenGenerator/WS_Hash.xsd_1.xsd"/>
    <system systemId="http://ws.docencia.ces.siani.es/a16/SOAP_Print/BookingPrintWS?WSDL" uri="wsdl/ws.docencia.ces.siani.es/a16/SOAP_Print/BookingPrintWS.wsdl"/>
    <system systemId="http://ws.docencia.ces.siani.es/a16/SOAP_Print/BookingPrintWS?xsd=1" uri="wsdl/ws.docencia.ces.siani.es/a16/SOAP_Print/BookingPrintWS.xsd_1.xsd"/>
    <system systemId="http://ws.docencia.ces.siani.es/a16/SOAP_PrintBill/PrintBill_WS?WSDL" uri="wsdl/ws.docencia.ces.siani.es/a16/SOAP_PrintBill/PrintBill_WS.wsdl"/>
    <system systemId="http://ws.docencia.ces.siani.es/a16/SOAP_PrintBill/PrintBill_WS?xsd=1" uri="wsdl/ws.docencia.ces.siani.es/a16/SOAP_PrintBill/PrintBill_WS.xsd_1.xsd"/>
</catalog>