<?xml version="1.0" encoding="UTF-8"?><!--
        *** GENERATED FROM jax-ws.xml - DO NOT EDIT !                             ***
        *** TO MODIFY wsimport options USE Web Service node -> Edit WS Attributes ***
        *** TO CHANGE TARGETS GENERATED TO jaxws-build.xml COPY THOSE             ***
        *** TARGETS TO ../build.xml AND MODIFY THAT FILE INSTEAD                  ***

        --><project xmlns:xalan="http://xml.apache.org/xslt" xmlns:webproject2="http://www.netbeans.org/ns/web-project/2" xmlns:jaxws="http://www.netbeans.org/ns/jax-ws/1">
    <!--
                ===================
                JAX-WS WSGEN SECTION
                ===================
            -->
    <!--
                ===================
                JAX-WS WSIMPORT SECTION
                ===================
            -->
    <target name="wsimport-init" depends="init">
        <fail if="${wsimport.bad.version}" message="WsImport ant task defined in the classpath ${j2ee.platform.wsimport.classpath} has a serious bug. See http://wiki.netbeans.org/MetroIssue for details."/>
        <mkdir dir="${build.generated.sources.dir}/jax-ws"/>
        <property name="j2ee.platform.wsimport.classpath" value="${libs.jaxws21.classpath}"/>
        <taskdef name="wsimport" classname="com.sun.tools.ws.ant.WsImport">
            <classpath path="${java.home}/../lib/tools.jar:${j2ee.platform.wsimport.classpath}:${javac.classpath}"/>
        </taskdef>
        <condition property="conf-dir" value="${conf.dir}/" else="">
            <isset property="conf.dir"/>
        </condition>
    </target>
    <target name="wsimport-client-Sportsdata" depends="wsimport-init">
        <mkdir dir="${build.generated.dir}/jax-wsCache/Sportsdata"/>
        <wsimport sourcedestdir="${build.generated.dir}/jax-wsCache/Sportsdata" destdir="${build.generated.dir}/jax-wsCache/Sportsdata" wsdl="${basedir}/${conf-dir}xml-resources/web-service-references/Sportsdata/wsdl/www.openligadb.de/Webservices/Sportsdata.asmx.wsdl" catalog="catalog.xml" encoding="${source.encoding}" extension="true" verbose="true" fork="false" wsdlLocation="http://www.openligadb.de/Webservices/Sportsdata.asmx?WSDL" xnocompile="true" xendorsed="true">
            <depends file="${basedir}/${conf-dir}xml-resources/web-service-references/Sportsdata/wsdl/www.openligadb.de/Webservices/Sportsdata.asmx.wsdl"/>
            <produces dir="${build.generated.dir}/jax-wsCache/Sportsdata"/>
        </wsimport>
        <copy todir="${build.generated.sources.dir}/jax-ws">
            <fileset dir="${build.generated.dir}/jax-wsCache/Sportsdata">
                <include name="**/*.java"/>
            </fileset>
        </copy>
    </target>
    <target name="wsimport-client-clean-Sportsdata" depends="-init-project">
        <delete dir="${build.generated.sources.dir}/jax-ws/de/msiggi/sportsdata/webservices"/>
        <delete dir="${build.generated.dir}/jax-wsCache/Sportsdata"/>
    </target>
    <target name="wsimport-client-WS_PriceCalculator" depends="wsimport-init">
        <mkdir dir="${build.generated.dir}/jax-wsCache/WS_PriceCalculator"/>
        <wsimport sourcedestdir="${build.generated.dir}/jax-wsCache/WS_PriceCalculator" destdir="${build.generated.dir}/jax-wsCache/WS_PriceCalculator" wsdl="${basedir}/${conf-dir}xml-resources/web-service-references/WS_PriceCalculator/wsdl/ws.docencia.ces.siani.es/a16/SOAP_Impuestos/WS_PriceCalculator.wsdl" catalog="catalog.xml" encoding="${source.encoding}" extension="true" verbose="true" fork="false" wsdlLocation="http://ws.docencia.ces.siani.es/a16/SOAP_Impuestos/WS_PriceCalculator?WSDL" xnocompile="true" xendorsed="true" package="Internal_WS.SOAP">
            <depends file="${basedir}/${conf-dir}xml-resources/web-service-references/WS_PriceCalculator/wsdl/ws.docencia.ces.siani.es/a16/SOAP_Impuestos/WS_PriceCalculator.wsdl"/>
            <produces dir="${build.generated.dir}/jax-wsCache/WS_PriceCalculator"/>
        </wsimport>
        <copy todir="${build.generated.sources.dir}/jax-ws">
            <fileset dir="${build.generated.dir}/jax-wsCache/WS_PriceCalculator">
                <include name="**/*.java"/>
            </fileset>
        </copy>
    </target>
    <target name="wsimport-client-clean-WS_PriceCalculator" depends="-init-project">
        <delete dir="${build.generated.sources.dir}/jax-ws/Internal_WS/SOAP"/>
        <delete dir="${build.generated.dir}/jax-wsCache/WS_PriceCalculator"/>
    </target>
    <target name="wsimport-client-WS_Hash" depends="wsimport-init">
        <mkdir dir="${build.generated.dir}/jax-wsCache/WS_Hash"/>
        <wsimport sourcedestdir="${build.generated.dir}/jax-wsCache/WS_Hash" destdir="${build.generated.dir}/jax-wsCache/WS_Hash" wsdl="${basedir}/${conf-dir}xml-resources/web-service-references/WS_Hash/wsdl/ws.docencia.ces.siani.es/a16/SOAP_TokenGenerator/WS_Hash.wsdl" catalog="catalog.xml" encoding="${source.encoding}" extension="true" verbose="true" fork="false" wsdlLocation="http://ws.docencia.ces.siani.es/a16/SOAP_TokenGenerator/WS_Hash?WSDL" xnocompile="true" xendorsed="true">
            <depends file="${basedir}/${conf-dir}xml-resources/web-service-references/WS_Hash/wsdl/ws.docencia.ces.siani.es/a16/SOAP_TokenGenerator/WS_Hash.wsdl"/>
            <produces dir="${build.generated.dir}/jax-wsCache/WS_Hash"/>
        </wsimport>
        <copy todir="${build.generated.sources.dir}/jax-ws">
            <fileset dir="${build.generated.dir}/jax-wsCache/WS_Hash">
                <include name="**/*.java"/>
            </fileset>
        </copy>
    </target>
    <target name="wsimport-client-clean-WS_Hash" depends="-init-project">
        <delete dir="${build.generated.sources.dir}/jax-ws/ws"/>
        <delete dir="${build.generated.dir}/jax-wsCache/WS_Hash"/>
    </target>
    <target name="wsimport-client-WS_Conversor" depends="wsimport-init">
        <mkdir dir="${build.generated.dir}/jax-wsCache/WS_Conversor"/>
        <wsimport sourcedestdir="${build.generated.dir}/jax-wsCache/WS_Conversor" destdir="${build.generated.dir}/jax-wsCache/WS_Conversor" wsdl="${basedir}/${conf-dir}xml-resources/web-service-references/WS_Conversor/wsdl/ws.docencia.ces.siani.es/a16/SOAP_Conversor/WS_Conversor.wsdl" catalog="catalog.xml" encoding="${source.encoding}" extension="true" verbose="true" fork="false" wsdlLocation="http://ws.docencia.ces.siani.es/a16/SOAP_Conversor/WS_Conversor?WSDL" xnocompile="true" xendorsed="true">
            <depends file="${basedir}/${conf-dir}xml-resources/web-service-references/WS_Conversor/wsdl/ws.docencia.ces.siani.es/a16/SOAP_Conversor/WS_Conversor.wsdl"/>
            <produces dir="${build.generated.dir}/jax-wsCache/WS_Conversor"/>
        </wsimport>
        <copy todir="${build.generated.sources.dir}/jax-ws">
            <fileset dir="${build.generated.dir}/jax-wsCache/WS_Conversor">
                <include name="**/*.java"/>
            </fileset>
        </copy>
    </target>
    <target name="wsimport-client-clean-WS_Conversor" depends="-init-project">
        <delete dir="${build.generated.sources.dir}/jax-ws/ws"/>
        <delete dir="${build.generated.dir}/jax-wsCache/WS_Conversor"/>
    </target>
    <target name="wsimport-client-generate" depends="wsimport-client-Sportsdata, wsimport-client-WS_PriceCalculator, wsimport-client-WS_Hash, wsimport-client-WS_Conversor"/>
</project>
